id,Locatie,LAT,LONG,Fatalitate,Numar de inmatriculare,Sex
Bankaw,9 Clove Junction,14.7035936,121.0493442,true,5NPEB4AC5EH641767,Female
Kafr ash Shaykh,282 Fulton Terrace,31.3085444,30.8039474,true,KMHCT4AE3DU645158,Female
Nobres,23864 Fieldstone Plaza,-14.3501113,-55.7578403,true,1N4AA5APXBC286196,Male
Kashira,9 Havey Junction,54.8095591,38.2516419,true,2HNYB1H66CH818791,Male
Kanshan,655 Victoria Point,29.48018,120.882428,true,1D7RE3GK6BS456129,Male
Zhichu,88486 4th Point,37.533773,121.315291,false,1N4AL2AP8CN038009,Female
Fenglai,8029 Laurel Trail,37.810661,120.758848,true,JH4NA21693T008391,Male
Sidaharja,05157 Straubel Lane,-7.4178714,108.6917922,false,KNDPB3A21C7786252,Male
Nampera,4794 Jay Pass,-8.2600716,124.423984,true,3N1AB6AP6BL661845,Female
Junik,04 Kropf Alley,42.4762027,20.2775059,true,WBA3B1C58FP723127,Female
Biharamulo,8825 Reindahl Park,-2.6343036,31.3141291,true,5UXFE83549L458197,Female
Albrechtice,4 Homewood Hill,49.7830508,18.5257165,true,1G4HD5EM1AU089406,Male
Estelí,8156 Dahle Point,13.0851139,-86.3630197,false,WAUGFAFRXEA400378,Male
Altan-Ovoo,8 Fairfield Drive,47.4389969,101.7525358,true,WBAKG7C58DJ871052,Female
Nishio,84346 Fordem Road,37.4056028,139.7874841,false,3CZRE3H31AG216763,Female
Grijó,8568 Troy Park,41.0390875,-8.5746201,false,JH4NA21665S466995,Female
Baisha,5 Westport Road,26.641315,100.222545,true,2HKRM3H54DH471624,Male
Tawau,65 Eastwood Center,4.243113,117.893335,false,WAUGFAFR9DA085975,Female
Shangdundu,669 Ilene Trail,27.937146,116.298866,true,3D73Y3CL2AG578889,Female
Tuba,10 Judy Trail,36.1228302,-111.2236913,false,SCFHDDAJ9BA039268,Male
Kulevcha,8 Dorton Pass,46.0313077,29.9343459,true,3D73Y3CL6BG201046,Female
Dambořice,634 Weeping Birch Circle,49.0410029,16.9171327,true,1C3ADEAZ7DV718905,Female
Barão de São Miguel,721 Maywood Parkway,37.1073284,-8.7960152,true,1G6KF54915U954112,Male
Dębno,16116 Dottie Place,52.746302,14.7015401,true,WVGAV7AX4BW808941,Female
Carrasqueira,01328 Mifflin Park,40.6954986,-8.4593865,false,5N1AZ2MGXFN615790,Male
Västerås,59 Trailsway Trail,59.6194065,16.5805191,false,WAUJGAFDXFN135284,Female
Frampol,62 Sherman Crossing,50.6715465,22.6706518,false,4T1BF1FK8FU963974,Female
Birqīn,9 Iowa Road,32.45461,35.26076,false,JH4CU2E68AC937350,Male
Clones,9756 Dixon Alley,54.1794814,-7.2314132,true,3D73M4HL2BG675408,Male
Veternik,8 Lawn Street,45.2494149,19.7563286,false,WAUVT64BX3N358366,Female
Taoyuan,29946 Victoria Circle,24.9936281,121.3009798,false,4T1BK3DB5CU369204,Female
Hacıhüseynli,9 1st Alley,41.4488926,48.6388661,false,WUATNAFG0CN147261,Male
Coronel Belisle,0185 Hanson Court,-38.9396947,-68.2376186,true,1FTEW1CM2EK702435,Male
Bandar-e ‘Asalūyeh,504 Weeping Birch Parkway,27.472075,52.6146057,false,1FTEX1CM3DF390971,Female
Badung,10 Reinke Street,-8.5819296,115.1770586,false,1FTSW2A54AE374674,Male
Vale de Mendiz,80676 Graceland Circle,41.2218624,-7.5345759,true,WBAUL73538V486114,Female
Lagos,3252 Shoshone Circle,6.5243793,3.3792057,true,1FTMF1CW7AF146669,Female
Faya-Largeau,05 Morrow Center,17.9236623,19.1107114,true,WAUGL98E15A841897,Male
Yumendong,74261 Emmet Pass,39.8,97.9,true,1FM5K7B86DG986118,Female
La‘l,4 Drewry Drive,34.4822519,66.2724183,false,19XFB4F28DE363275,Male
Taoyuan,84 Stang Alley,24.9936281,121.3009798,true,1C4RDJAG8CC801386,Male
Kadyy,599 Dawn Place,57.7856103,43.200317,false,WAUDT48H74K520066,Male
Nangka,1 Golf Plaza,3.6196125,98.5089455,true,5N1AN0NU2CC763122,Male
Paris 04,2 Eliot Place,43.4945737,5.8978018,true,1FTEX1CM0BF005007,Male
Ghauspur,6 Mayfield Circle,28.1385576,69.0827863,true,1G6AF5SX4D0641980,Female
Bečmen,9775 Thackeray Trail,44.7811062,20.1963089,true,5FRYD4H44GB217907,Male
Zhizhong,5567 Kedzie Center,40.087301,116.31098,false,2HNYD18924H463642,Male
Concepción,6 Gateway Point,-34.6310923,-58.8801499,true,1G6DH5EG6A0449748,Male
Stradbally,6 Jenifer Park,52.7107501,-8.5054897,false,JH4CU2E63AC599789,Male
Driyorejo,81484 Crest Line Trail,-7.3445521,112.6079459,false,JTHKD5BH4C2679081,Female
Bohorodchany,901 Novick Terrace,48.8078325,24.54095,false,WP0AA2A81CU965478,Female
Jiazhi,00367 Bunting Crossing,22.879493,116.061522,false,WAULFAFR3CA924077,Female
Richmond,69878 Oxford Point,49.1571976,-123.1152602,false,WBAVB73528K845042,Male
Jiuchenggong,4 Morningstar Hill,34.676976,107.79016,false,5UXZV8C50DL500919,Female
Shalazhi,31531 Hovde Hill,43.09476,45.35898,true,3FADP4AJ9CM111505,Female
Balad,220 Meadow Valley Junction,34.0076216,44.148291,true,WBANB33585B169975,Male
Cocieri,7 Paget Court,47.3005,29.1224979,false,SCBZU25E91C163468,Female
Dengnan,79123 Caliangt Avenue,40.2214779,116.2027916,false,WAUGL98E85A020568,Female
Trancas,145 Bunker Hill Lane,-26.2304116,-65.2825779,true,1FTMF1EW3AF792871,Male
Kameda-honchō,7 Montana Junction,41.8905758,140.6934778,false,5FRYD4H65GB078775,Male
Liuche,318 Golden Leaf Terrace,24.726833,115.64556,false,WBAEV53483K360349,Male
Pulap,3727 David Way,7.6447222,149.4208333,false,1FTEX1E8XAK678876,Female
Alexandria,20910 Gateway Point,31.2000924,29.9187387,false,5N1AN0NW3EN236330,Female
Barra Velha,936 Delaware Pass,-26.6329034,-48.6844637,false,WBAUC9C54CV159466,Male
Miraflores,413 Holmberg Avenue,38.7087189,-9.2280364,true,4T1BF3EK0BU066980,Female
Calçada,9326 Stoughton Road,42.0328151,-8.6450785,false,SCBFU7ZAXEC873203,Female
Neos Voutzás,6445 Cherokee Terrace,38.0435902,23.9783441,true,WAUGU54D81N771370,Female
Pueblo Nuevo,6762 Ramsey Circle,8.4009121,-75.2712393,true,1J4AA2D1XAL890243,Female
Bergem,57 Corscot Court,49.5206119,6.0453754,true,WBSPM9C59AE492121,Male
Kanash,3025 Crownhardt Drive,55.496663,47.465002,true,WAUAH74F46N015081,Male
Guanagazapa,28515 Forest Run Avenue,14.22528,-90.64333,true,1ZVBP8JSXA5082923,Female
Flora,5 Vidon Park,18.1145292,121.4023587,true,SCFEBBBK2BG290134,Male
Dawung,086 Jenifer Drive,-7.646098,111.0266668,true,SALGS2EF0EA374023,Male
Dapaong,1 Hoard Drive,10.8733058,0.2010233,false,1GKLRKED9AJ378862,Male
Doumé,2 Artisan Hill,4.2399992,13.4482868,true,1D4PT5GK0AW484392,Female
Nunmanu,2 Bobwhite Street,-10.0431,124.3382,false,JN1AZ4EH5AM382362,Female
La Soledad,50886 Heffernan Road,19.7267712,-101.1850967,false,5LMJJ3H51DE324899,Male
Phoenix,3882 Declaration Drive,33.6289952,-112.1370601,false,1C3CCBCGXEN467739,Male
Yudong,87880 Blackbird Road,28.705864,109.276796,false,KMHTC6AD9FU933739,Female
Huatanshan,14093 Lakewood Gardens Center,28.706919,117.821005,false,3N1CN7AP8DL939833,Female
Vitória da Conquista,336 Scott Plaza,-14.8503277,-40.844989,false,JN8AZ1FY4DW115821,Male
Mayong,66 Gulseth Drive,23.0604451,113.5883876,false,WAUKD78P17A131981,Female
Cowansville,90 Ryan Center,45.2114093,-72.7399622,false,JTJYWRBZ2F2936827,Female
Čelopek,36 Bluejay Parkway,41.93167,21.01333,true,1G6DM5E3XD0340805,Female
Erie,761 Oakridge Center,42.1340917,-80.0872429,false,JH4NA12682T223817,Male
Hinlayagan Ilaud,163 Riverside Drive,10.0382093,124.3470114,true,2HNYD18983H771378,Male
Karakabak,20441 Park Meadow Avenue,46.76786,83.14697,true,1GYS3MKJ6FR666291,Male
Ufa,96106 Blaine Road,55.354135,40.297852,true,SALGS2EF7EA519509,Female
Ulyanovsk,56155 Forest Run Parkway,54.2866841,48.2335118,true,2G4WF521X31537510,Male
Casal de Cambra,765 Spaight Point,38.8053078,-9.2279436,false,1GTN1TEX6DZ592516,Female
Baran,49928 Dakota Plaza,-7.7519029,110.7077766,true,1C3CDFEB6FD217637,Female
München,445 Weeping Birch Park,48.1251024,11.5584376,false,19UYA42421A735003,Male
Sabang,86191 Drewry Center,14.0767924,121.3439494,true,WAUSF98K89N112723,Female
Morrito,8 Randy Alley,11.6209009,-85.0791866,false,1D4PT6GX4BW406135,Male
Kamenka,67900 Nevada Junction,55.9840531,37.1619979,false,3N1CN7AP6EK992778,Male
Ambato Boeny,05 Dayton Alley,-16.4708895,46.7164256,true,1FTEW1C83AF358703,Female
Courbevoie,50 8th Crossing,48.8981844,2.2478659,true,SCBLC37F43C879055,Male
Adolfo Lopez Mateos,1785 Manley Center,19.3852368,-98.9545512,false,1G6DH5E51C0245232,Female
Brailiv,4694 Lighthouse Bay Court,49.1055022,28.1576316,false,2HNYD28818H532288,Female
Juren,11 Ilene Trail,26.766695,105.431403,false,1NXBU4EEXAZ962692,Female
Tuanshan,0 Talisman Hill,33.195993,105.606648,true,3GTU1YEJ4BG544739,Male
Luhanka,6 Harper Trail,61.7968844,25.7035513,true,WBAWV1C56AP509105,Male
Hengpi,5277 Ryan Hill,21.955472,111.244529,false,TRURD38JX81769076,Male
Cotuí,73 Forster Junction,18.9337202,-70.4047314,false,WUAAU34208N003729,Female
Krasnystaw,2 Twin Pines Parkway,50.98411,23.17194,true,4T1BF1FK9CU546181,Female
Gharyan,9544 John Wall Street,32.1717952,13.0184123,true,WAULC58E82A093197,Female
Bago,1657 Butterfield Junction,-8.0670006,111.907307,true,1G6DM8E32D0999396,Female
Caotan,37532 Bobwhite Park,36.1296961,-79.8567326,true,1N6BF0KX7FN787880,Female
Jinotepe,425 Stuart Drive,11.8495208,-86.1980589,false,JTMHY7AJ6B4314307,Female
Nanyulinxi,69572 Lawn Alley,39.20892,112.68142,true,WA1YD64B93N479185,Male
Huitang,66 Sage Park,27.983279,112.339509,false,WBAXH5C54DD491177,Female
Jiangkou,7 Mariners Cove Junction,27.69965,108.839557,true,JN1CV6FEXFM620041,Male
Lumby,28 Sherman Park,50.24979,-118.96904,true,KMHTC6ADXCU721377,Female
Stockholm,238 Hanover Parkway,59.3473789,18.0975334,false,SCFAD01A85G753615,Male
Düsseldorf,01 Acker Drive,51.1974375,6.7898817,true,1G6AY5S36E0632531,Female
Cigembong,3 Mccormick Road,-6.8747015,107.9520129,true,1C6RD6PT0CS165691,Male
Iza,0715 Warner Junction,48.2162668,23.3302946,false,WAUHF98P58A085136,Male
Tiraspol,555 Hanover Terrace,46.8376386,29.6319884,true,5J6TF1H39DL644014,Female
Nam Kliang,45 Caliangt Terrace,14.9128369,104.5422225,false,1GYFK16269R563415,Female
Sutton,54 La Follette Parkway,51.3614279,-0.193961,true,1GD220CG7CZ215172,Male
Chlumec nad Cidlinou,03 Londonderry Trail,50.1544063,15.4602634,false,1GYFK46888R588921,Female
Longping,49 Marquette Street,27.5566857,107.0336505,true,WAUAH68D71A362424,Male
La Poma,36 Bowman Drive,-24.7995226,-65.434694,false,WAUJF98K99N079808,Female
Dongke,777 Mitchell Plaza,36.334307,99.670448,false,3D73M3HL1BG831884,Male
Covas,3172 Redwing Pass,41.1575552,-8.2259125,false,WP0AB2A80CU270180,Female
Terpinnya,66878 Melvin Plaza,46.9792838,35.4217024,true,1N6AD0CU6FN934664,Female
Milaor,877 Lillian Pass,13.631,123.193,true,WBAPN7C55AA381112,Female
Nürnberg,624 Stoughton Drive,49.4025357,11.0502709,true,WBAUN7C59DV692140,Female
Cruzeiro,71 Badeau Road,40.9175193,-8.4280201,false,4T1BK1EB0FU419837,Female
Kwangju,6171 Ridgeview Center,35.1595454,126.8526012,false,3D73Y4EL4BG904888,Male
Erdao,83747 Coleman Circle,43.865595,125.374217,false,1FMJK1F50DE925743,Female
Kraton,21500 Annamark Plaza,-7.8090256,110.363649,true,5LMCJ1A9XFU368094,Female
Shataping,777 Russell Junction,29.586414,110.046252,false,1GD02ZCG1CF834394,Male
Maisí,61938 Pine View Road,20.2258318,-74.1533563,false,1C4RDHAG0DC326357,Male
Nakhon Nayok,89396 Butterfield Hill,14.0786882,101.0259275,true,5LMJJ3H53AE363747,Male
Montpellier,0 Bayside Plaza,47.3752386,-0.8453268,true,KL4CJBSB9FB279556,Male
Canela,8 Fordem Lane,-29.357495,-50.7832348,false,WDDHF2EB5DA392292,Male
Roissy Charles-de-Gaulle,55 Weeping Birch Plaza,49.0096906,2.5479245,true,WAUMGAFL7BA228351,Female
Madīnat Ḩamad,003 Quincy Way,26.1256441,50.4980362,false,WVGAV7AX1CW951623,Male
Canchayllo,3 Fremont Street,-11.82198,-75.730667,false,WBXPA73424W769334,Male
Sukaraharja,96028 Del Sol Alley,-7.1701665,108.3296983,false,WAUGL98EX5A833247,Male
Loma Bonita,1695 Farmco Trail,18.1096868,-95.8803869,true,2G4GY5GV2B9274214,Female
København,50289 Dapin Parkway,55.6854725,12.5666087,true,2HNYD18853H669284,Female
Roioen,4874 Sunfield Point,-10.8439,122.9526,false,TRUSX28NX21826096,Male
Zselickislak,5999 Clove Center,46.283972,17.825072,false,WAUSF98K29A534588,Male
Utan,25 Melby Center,-8.412375,117.144997,true,WAUMFAFL1CA931738,Male
Belanting,4 Burning Wood Hill,-8.321199,116.5963713,false,5N1BA0NC2FN322459,Male
Sattahip,0638 Dennis Terrace,12.6836578,100.901604,false,5UXFB33552L426697,Male
Oakland,79 Porter Court,37.8336281,-122.2029832,true,1FTSX2B51AE437497,Female
Palmital,40016 Haas Road,-22.787936,-50.2199938,true,1GKMCCE34AR314474,Male
Doro Oo,4 Dryden Junction,-8.6885822,118.7678981,true,WAULVBFR9CA745308,Male
Solo,71825 Morrow Junction,14.0158972,121.3404269,true,WBAVC93557K755262,Female
Abadou,9347 Cambridge Road,31.4599979,-7.2858562,false,WBAYA6C50DC371445,Male
Barra do Garças,986 Hoepker Plaza,-15.8916202,-52.2618826,true,1GKS1EEF1ER400107,Female
Karangampel,35 Atwood Point,-6.4713068,108.4572788,true,3GYFNGE3XCS595437,Female
Sabugal,94 Oak Way,40.3516608,-7.0895241,true,NM0KS7DN7AT345069,Male
Ribnica na Pohorju,84 Waxwing Center,46.5356403,15.2675136,false,WAUMF98P26A394977,Female
Fteliá,025 Di Loreto Crossing,41.0828211,24.1908648,false,1FMCU0F71DU750794,Male
Sunne,51 Leroy Trail,59.8445787,13.2588145,false,WA1VMAFE6AD484053,Male
Tbêng Méanchey,8 Lien Way,13.7740651,104.9856176,false,WP0AA2A81CS824485,Male
Angostura,6 Glacier Hill Pass,6.885648,-75.335829,true,4T3BA3BB0DU589008,Male
Maloma,1 Cascade Lane,15.1163904,120.0624898,true,WAUXL68E35A742142,Male
Marco,0275 Marquette Park,-3.1865586,-40.2475694,false,WAUDH78E08A124209,Male
Milanówek,47 Forster Alley,52.130314,20.6599934,true,WAUXG74FX9N866285,Female
Chai Badan,1364 Merry Hill,15.1042521,101.0768333,true,WAUDF78E95A415468,Male
Meixi,2 Londonderry Street,24.265926,116.081656,true,TRUVD38J091841645,Male
Mora,53385 Clove Lane,61.00862,14.57173,false,1FTWX3A50AE105740,Male
Cayambe,9 Fulton Trail,0.0319573,-78.1507423,false,1N6AA0CA5DN406500,Female
Ozëry,754 Swallow Point,54.8539133,38.5734956,true,1G6DC8E34E0147703,Female
Tlumach,8463 Farwell Plaza,48.8588029,24.9968117,false,WAUMF98P26A486509,Male
Promna,4 Toban Junction,51.6984754,20.934244,false,JH4CL95918C730802,Male
Heyin,87702 Waxwing Park,25.525292,108.260701,false,1G6AX5SXXF0943239,Male
Novais,755 Namekagon Pass,40.765292,-8.0704076,true,1GYS3EEJ4DR613779,Female
Bojong,570 Maple Circle,-6.9828037,109.5568089,false,3D73Y3CL1AG345540,Male
Athmuqam,2404 Nova Place,34.5871389,73.912451,false,KMHCM3ACXAU681902,Female
North Perth,99 Express Way,43.7251,-80.96723,true,1G6DK8E38C0897900,Female
Otjimbingwe,88 Hansons Terrace,-22.3531369,16.1286901,false,WA1CFAFP8FA089982,Male
Santa Cruz,353 Miller Point,13.0748879,120.7213113,false,WAUJFAFH9DN927042,Male
Daitou,2 Sauthoff Crossing,34.6911,106.221144,true,WP0CA2A82FK719127,Male
Belleville,39778 Division Point,44.165829,-77.3956004,false,3D73M4EL1BG922339,Female
Mojogajeh,64 Sachtjen Center,-7.807286,110.5860937,false,WBSDE93411B386450,Female
Kruhlaye,70 Eagle Crest Parkway,54.2395971,29.6623761,true,5J6TF1H36CL623880,Male
St. Catharines,5 Monument Trail,43.1508732,-79.2056361,false,WAULC58E52A437830,Female
Milówka,8 Summerview Point,49.5458457,19.0802389,false,WBAUP9C56DV522887,Male
Videm pri Ptuju,59 Carpenter Place,46.3698404,15.8995273,false,5UXZW0C50D0543544,Female
Guatimozín,854 Melrose Junction,-24.1955744,-65.2844271,true,WBAPM7C50AE771322,Female
Paraguarí,2 Clarendon Center,-25.6262174,-57.1520642,false,1G4GJ5G39CF764225,Female
Borik,0050 Forest Run Junction,-8.8228841,120.2570421,false,SALVP2BGXFH989435,Male
Tampocon,24243 Fordem Lane,9.8566537,123.1426191,true,WAUSF98K19A665382,Female
Gilin,69 Melvin Court,-8.351844,116.0561632,true,5GADV23137D316595,Female
Boracéia,5 Chive Lane,-22.1943942,-48.7780959,false,JTDKDTB39C1167462,Female
Carthage,1843 Oriole Trail,36.8625853,10.3329494,false,WBAEV33444P091694,Male
San Martín Zapotitlán,2034 Steensland Lane,14.6014622,-91.6087417,true,KMHTC6AD0DU046303,Male
Strasbourg,21 Mariners Cove Place,48.5851876,7.7342943,false,3GYFNKE48AS011738,Female
Bla,5799 Judy Trail,12.9549865,-5.7563151,true,1G6AB5RAXF0099266,Female
Washington,65 Pearson Way,38.9,-77.04,true,1GYS3AKJ2FR720555,Female
Luhe,1398 Golf View Lane,23.301616,115.660142,true,2FMGK5B87EB180598,Female
Linton,517 Montana Pass,54.0542238,-2.0215836,false,1G6AB5RX2E0520206,Male
Jaguariúna,184 Memorial Road,-22.7042272,-46.9855088,true,WBASN2C56AC264530,Male
Asahi,496 Blue Bill Park Park,38.1162631,140.8585745,true,5FNRL5H24EB030886,Male
Okakarara,71 Almo Circle,-20.5907049,17.4588131,false,JN1AZ4EH2DM086753,Male
Trondheim,73 Cordelia Crossing,63.4400274,10.4024274,false,WBAKX8C59CC063298,Male
Ladoang,594 Talmadge Terrace,3.7144776,96.8324201,false,2T1KU4EE6BC490655,Female
Ettelbruck,3041 Barby Way,49.84727,6.1062222,true,SCFAB01A67G270360,Female
Lubukalung,05 Blaine Trail,-0.6850063,100.3273368,false,WBABN534X3J205777,Male
Milot,8 Cardinal Trail,19.6092712,-72.2134308,true,1C4RDJEG8CC335758,Female
Železná Ruda,1635 Kipling Place,49.1449758,13.2297698,true,5N1AT2ML1FC132585,Male
Donskoye,10 Glacier Hill Junction,54.9295907,19.9482276,true,SCBDP3ZAXAC738174,Male
Cikawunggading,38 Montana Avenue,-7.7414989,108.1013637,true,WAULT68E05A917459,Female
Chicago,8 Shopko Parkway,41.9203468,-87.6433139,false,19VDE3F39DE334832,Female
Sanana,8198 Mendota Road,-2.2014533,125.9369952,true,WAUGFAFR4BA491207,Female
Matsubase,9376 Banding Crossing,32.6521604,130.675613,false,1FMJK1J51AE682804,Male
Jianghu,28 Delaware Crossing,33.1401715,119.7889248,true,TRUUT28N621821742,Male
Caluya,593 Ridgeview Court,18.1965639,120.5989577,true,JM3TB2BA4B0349908,Female
Cereté,3 Reindahl Center,8.909013,-75.9579358,true,4A4AP3AU0EE616724,Male
Ningyang,45518 Little Fleur Trail,35.758786,116.805796,false,4T3BA3BB6FU926073,Male
Petrolia,2 Schmedeman Lane,42.8818379,-82.1444338,true,5TFAW5F11FX089707,Female
Tha Uthen,42395 Reinke Terrace,17.5767798,104.5946633,true,JH4CL959X6C440054,Female
Garahan,50918 Tennyson Avenue,-8.2156978,113.9001141,true,KM8NU4CC2CU546542,Male
Bodzechów,6420 Dryden Way,50.9092557,21.4252753,true,SALVP2BGXFH931986,Male
Álimos,57 Loftsgordon Court,37.9168548,23.7186146,false,3D4PG5FV1AT760228,Male
Rutul,904 Bobwhite Avenue,41.5335463,47.4238117,true,3N1AB7AP5FL072233,Male
Nawu,2 Hermina Trail,22.00001,110.593212,true,WDBWK5EA0BF249108,Male
Hošťka,268 Kropf Place,49.6962064,12.5974678,true,1FTMF1CW1AF199142,Female
Kathu,77 Clove Terrace,7.9107391,98.3337983,true,WAUAC48H54K449310,Female
Dawusu,93 Clove Junction,51.79909,124.537673,true,WAUDH98E57A143218,Female
Lérida,07 Rutledge Lane,4.860823,-74.912667,true,WP0CB2A83CS799627,Female
Alor Setar,4511 Northridge Alley,6.1244023,100.3674801,false,2G61S5S37D9953709,Male
Gadzhiyevo,1 Graedel Road,69.242341,33.3041431,false,WAUDH98E87A641641,Female
Tyachiv,712 Manitowish Road,48.017152,23.572467,true,SALVP2BG8FH840957,Male
Jieyang,387 Loomis Circle,23.549701,116.372708,false,1D7RW3GK1BS077293,Male
Ghormach,3 Leroy Hill,35.6495457,63.9113296,false,3D73Y4CL0BG561404,Female
Ol’ginskaya,88863 Eagle Crest Center,57.8196837,28.3236956,true,1G6DL8E3XC0566751,Male
Yahe,6285 La Follette Junction,27.6616992,120.5610519,true,JTJBC1BA8A2946345,Male
Wrząsowice,810 Starling Street,49.970045,19.944654,true,1G6DG1E34E0099888,Female
Fryazino,49693 Jenna Road,55.9602597,38.0441437,false,5XYZT3LB6FG472140,Female
San Jacinto,8307 Messerschmidt Lane,9.834832,-75.120521,true,WDDEJ7GB9BA410401,Male
Montpellier,5262 Forest Dale Junction,47.3752386,-0.8453268,false,1GYS4AKJ2FR896292,Female
Limoncito,23 Norway Maple Hill,-18.0292038,-63.4021544,true,WAULT58E85A924301,Male
Seputih,10095 Pawling Pass,-8.2216521,113.804931,true,2C3CDXEJXFH112308,Female
Béboto,990 Lawn Place,8.2659713,16.9388118,false,1C6RD7PT6CS370261,Female
Xia Dawo,740 Cherokee Pass,35.001453,99.262763,true,5GADV23187D069350,Male
Shnogh,3 Becker Lane,41.150505,44.8399721,true,1G6DA67V690006730,Female
Mojo,9 Anniversary Trail,8.5870183,39.1231459,false,1GD21ZCGXBZ863322,Female
Laau,2 Old Shore Court,-9.833333,120.216667,false,3C6JD6BP7CG021991,Female
Deauville,9 Ramsey Road,49.3581406,0.0676641,true,ZHWGU5BZ6CL869532,Female
Lameira,08 Duke Park,41.0652035,-8.2418412,false,JN8AE2KP6E9505821,Male
Malasila,834 Maryland Place,14.4776308,121.0328004,true,1G6DP577150903040,Male
Jiaocha,86 Carioca Plaza,23.422152,106.681138,false,1G4HP52KX4U909366,Male
Catache,875 Schiller Hill,-6.6758708,-79.032016,false,WBA3N3C58EF312110,Male
Tanahwulan,876 Petterle Trail,-8.0038635,113.7216313,false,1G6AB5S30E0609506,Male
Jandira,2346 Kedzie Lane,-23.5307464,-46.8991995,false,1FTWW3A55AE084970,Female
Hechun,1462 Cascade Hill,21.694896,110.307347,false,SCFKDCEP5EG038621,Male
Götene,6 Nevada Alley,58.5235952,13.4953857,true,2LMDJ6JK7EB048845,Female
Xinmin,8 Blackbird Center,41.985186,122.836723,false,WAUEH94F47N965438,Male
Tarrafal,45297 Vahlen Plaza,15.2760578,-23.7484077,false,WBAVM1C53EV116808,Female
Uryupinsk,6108 Ridgeway Park,50.7326515,41.9594576,false,JTHBE1KS7B0612907,Female
Luxi,16 Valley Edge Way,27.630806,114.029827,true,4T1BF1FK7FU403962,Male
Al Fukhkhārī,53 Monument Pass,31.295228,34.333152,true,1N6AA0CC4FN260434,Female
Guimarães,8982 Hovde Place,41.4610499,-8.2673764,true,3VWC17AUXFM299617,Male
Piquete,40532 Coolidge Junction,-22.601206,-45.168166,false,1G4GH5G37DF651855,Female
Iḩsim,4 Mallard Crossing,35.7208473,36.5567371,true,WUARL48H39K428486,Male
Merton,1 Mifflin Circle,51.4255297,-0.2050566,true,WAUJC58E72A241198,Male
Mali,3314 Annamark Junction,22.601282,88.341817,false,WAUBG78E56A232008,Male
Lusaka,936 Algoma Plaza,-15.3875259,28.3228165,false,2C3CDXJG7CH592006,Female
Jiuzhou,71 Pierstorff Hill,22.2361111,113.5833333,false,WA1AM74L29D486977,Male
Calsib,51 Stang Pass,15.8463,120.272,true,WA1CYAFE4AD035949,Female
Cibeureum Kidul,51 Northland Street,-6.9069547,107.5593913,false,WBAUP7C53DV307018,Female
Perm,611 Hintze Avenue,57.9887927,56.1415665,false,WBAVA33587F129264,Male
Maqbanah,491 Valley Edge Plaza,13.6669038,43.6830966,false,1G6DC8E34E0175081,Female
Catamayo,27 Lillian Pass,-3.9879753,-79.3535714,false,WVGEP9BP6FD722120,Female
Espumoso,125 Cascade Way,-28.7245183,-52.8444231,true,1FAHP3EN5AW347820,Male
Moju,6 International Circle,-1.8844563,-48.7655306,true,5N1AN0NU5CN545213,Female
Fengshan,75084 Ridge Oak Way,24.546876,107.04219,false,5FRYD3H26EB113957,Male
Bankaw,41525 Northland Hill,14.7035936,121.0493442,false,3VWKX7AJ4BM673777,Female
Shakhtars’k,28 Hollow Ridge Way,48.0486753,38.45053,false,WBAKN9C59ED016135,Male
Demyansk,26 Center Plaza,57.6437016,32.4624195,true,1G4HP57278U360076,Male
Vale de Figueira,54556 Sycamore Road,39.305219,-8.6288405,true,SCBDC4BL6AC937333,Male
Julcamarca,29 Melody Park,-13.02483,-74.448357,true,WAUDG74F95N793066,Female
Mesquite,8 Springs Place,32.7757,-96.5983607,true,KNDJT2A53C7108576,Male
Guardizela,6121 Arapahoe Lane,41.3899483,-8.3685941,false,5N1AA0NC6CN151240,Male
Buga,74113 Gina Junction,10.7162361,122.2662848,false,1GKKRNED7FJ622447,Female
Khadan Khāk,3744 Nevada Park,30.74774,67.70846,true,1G6DK8EV9A0030469,Male
Athi River,1663 Paget Parkway,-1.4577245,36.9785033,true,WBA3A5G57DN117363,Female
Krivaja,25 Monica Park,45.8074308,19.6056613,false,WAUGVAFR2BA079550,Female
Avignon,30 Paget Crossing,47.5113895,1.820875,true,SCFAB22333K259786,Male
Dukuh Kaler,27793 Ryan Crossing,-6.3279641,106.8501157,false,WBAPH5C52BF819746,Male
Millerovo,3800 Eagan Pass,48.9292043,40.3719341,false,WBAPM5C59BE027126,Male
Pampa Hermosa,718 Moose Court,-11.0443228,-75.4694285,true,1C4RJEAG1FC391311,Male
Gujun,24716 Hooker Hill,22.0462137,111.012675,false,WBANA73515C502912,Male
Maldonado,5 Sloan Road,-34.905408,-54.9501708,false,WBA5A5C53ED924100,Male
Ciracap,5947 Colorado Place,-7.3236038,106.4641459,false,1G4GH5E35CF797804,Female
Malaruhatan,8 Lyons Drive,14.0397463,120.659505,true,1FAHP2D85DG073572,Female
Shimen,5 Chinook Pass,29.584292,111.380014,false,3C63DPJL0CG389653,Female
Mentaraman Satu,75 Butternut Drive,-8.1924285,112.7011258,false,WBAHN03578D916090,Male
Marinići,05 Coolidge Center,45.3652354,14.3926584,true,WBABS334X1J878997,Female
Kotabunan,2 David Road,0.8554519,124.6192702,true,3C3CFFAR7ET944565,Male
Dalongdong,45372 Vahlen Park,25.073688,121.5140449,false,1C4RDJAG8DC701063,Male
Loma Bonita,3 Russell Junction,21.115093,-101.6961551,false,JN8AZ1MU5CW050055,Male
Horizonte,754 Eagle Crest Road,-4.1132769,-38.4639632,false,KMHHT6KD2BU952681,Male
Psygansu,25 Orin Circle,43.4136328,43.7924407,true,2C3CK3CV1AH055235,Male
Tolotangga,672 Forest Court,-8.765095,118.6323132,false,1G6DA67V180798090,Female
Nice,6 Oakridge Center,43.6953508,7.2559678,false,1GYEC63847R517013,Female
Banhā,49952 Cody Circle,30.4659929,31.1848307,false,JN8CS1MU8FM832864,Male
Jardia,4 Badeau Pass,38.6640687,-8.9161487,true,2D4RN6DX4AR295469,Female
Saurimo,3415 Grover Terrace,-9.6612173,20.3904598,true,KMHHT6KJ5FU040834,Female
Molo,157 Garrison Parkway,-0.2488358,35.7323709,true,SAJWA4GB4EL714470,Female
Nuing,22 Knutson Trail,13.1424635,123.7244858,false,SCFAB05D69G123558,Male
Montecristi,2406 Swallow Drive,-1.0469378,-80.6576623,false,1N6BF0KL6FN168569,Female
Batobato,2435 Graceland Way,14.6933122,121.0806979,false,2G4WC552271573663,Female
Maoshan,389 Hoffman Crossing,31.784791,119.320063,true,3GYFNAE30DS970010,Male
Tumbi,0 Del Sol Plaza,-5.0731807,32.6913107,false,1FT7W2A65EE091592,Male
Hanbin,3 Holy Cross Pass,32.695172,109.026836,false,1FTMF1CW6AK817563,Male
Almelo,3306 Melody Way,52.3323097,6.6372501,false,4T1BD1FK1CU561733,Male
La Loma,62433 North Lane,19.6786236,-101.1808488,false,WAUDF78E87A267719,Female
Derventa,6 Claremont Street,44.9764185,17.9070412,false,WAUEF78E86A378743,Female
Gap,492 Ohio Road,48.8588363,2.3477753,false,1FTEX1CM1DF947618,Female
Ágios Pétros,1776 Fremont Center,38.6663765,20.6018254,false,YV1672MKXB2948355,Male
Kokembang,69266 Mallory Park,-6.9524,113.6487,false,WAUMR44E97N396718,Male
Kipen’,55573 Mandrake Plaza,59.6742944,29.8519956,false,1G6KD57928U117388,Male
Lianzhu,564 Mifflin Crossing,28.607879,119.435806,false,YV1612FH3E1521404,Male
Cuozheqiangma,15030 Mandrake Drive,33.308897,87.768212,true,WAUDF78E05A239538,Male
Maliq,0853 Pepper Wood Street,40.7093697,20.6973469,false,WAU2GAFC2DN678248,Male
Arcossó,292 Vidon Point,41.6496858,-7.5999153,false,SCBBR53W46C516884,Male
Sapporo,7353 Packers Avenue,43.0150759,141.4098346,true,19UUA8F55EA331448,Male
Baykonyr,62 Kennedy Center,45.6232258,63.3139829,false,WDDDJ7CB4BA750444,Male
Atar,5028 Drewry Avenue,20.5072923,-13.052978,false,1G6KD57Y97U672232,Male
Gyōda,01548 Warner Point,36.1407681,139.4602367,true,3GYT4NEF2CG488342,Male
Uruçuca,65 Lake View Court,-14.5154982,-39.299866,false,WVWAP7AN0EE889296,Female
Rawa Satu,9021 Buhler Hill,-7.025171,107.5168417,false,3C3CFFCR3DT230749,Female
Changting,800 Mccormick Alley,25.833531,116.357581,true,3VW4T7AT9EM451942,Female
San Pablo,21029 Autumn Leaf Terrace,-7.1143481,-78.8226909,true,KMHTC6AD8EU824848,Male
Kobe,7677 Debra Crossing,34.5465928,134.3028193,false,19UUA65576A848046,Female
Weixin,582 Meadow Vale Point,27.8469,105.049027,false,WAUEL94FX5N524733,Male
Xinli,9922 Bultman Way,39.8314629,116.3220944,true,1J4PN2GK3AW265331,Female
Plettenberg Bay,01086 David Junction,-34.0896763,23.3261801,false,5UMCN93462L494783,Female
Sekongkang Bawah,16558 Corben Hill,-8.9859417,116.7437518,true,WAUNF98P07A866602,Female
Soutocico,42 Messerschmidt Street,39.7024946,-8.7377503,true,WAURV78T39A594037,Female
København,1835 Green Ridge Center,55.6768397,12.5987652,true,1GD02XEG8FZ917406,Male
Gempol,18 Knutson Drive,-7.6034421,112.6794582,true,KNDJT2A52C7280436,Female
Ulety,44 Loomis Way,51.3591174,112.484985,true,JN1AZ4EH0AM108003,Male
Bruxelles,9 Trailsway Lane,50.8235717,4.3766927,true,3GTXCYEJ7AG452093,Female
Ōbu,20 West Parkway,35.0422194,136.9574388,false,2HNYD2H40DH912374,Male
Zheleznodorozhnyy,1962 Kennedy Junction,53.437194,41.789046,true,3VWJX7AJ9AM178968,Female
San Juan Bautista,53 2nd Trail,-26.6707181,-57.1407852,true,1FTEX1E84AK750087,Male
Santana do Paraíso,43841 Buell Park,-19.3882364,-42.5117238,false,5N1CR2MNXEC339662,Female
Port Said,3626 Autumn Leaf Way,31.2652893,32.3018661,true,WBADX1C58CE156527,Male
Kawagoe,2 6th Terrace,34.9442746,132.4282484,true,3VWF17AT9FM722336,Female
Caxito,013 Hoepker Point,-8.5821947,13.6565321,true,2G4GS5ER3D9392055,Female
Dadong,94271 Talmadge Crossing,41.805137,123.4699481,true,1FTEW1E82AF917588,Female
Newark,44655 Village Road,40.7132136,-74.2120629,true,WBABN53491J276871,Male
Dvurechensk,1886 Monterey Place,56.5959665,61.1001623,false,WDDGF4HB0EA205920,Female
Chaguaní,63 Kennedy Alley,4.949601,-74.593836,true,WBA3A5C55EJ054701,Male
Xialaba,2734 Anthes Circle,39.596147,112.670816,true,WAUNF78P47A101607,Female
Remedios,79411 Eagle Crest Parkway,22.4963477,-79.5462943,true,2LMHJ5AT1EB465415,Male
Zhetian,82 Lotheville Place,37.4325375,112.0662843,false,2G4WB52K921249044,Female
Kekeran,0 Morrow Circle,-8.5808412,115.1563072,false,1C3BC4EB5AN401120,Female
Shijiao,332 Ruskin Place,23.259479,113.824887,false,JTDKN3DU9F0705672,Female
Lunang,6 Moland Avenue,29.943539,94.799435,false,WBAWC73549E535492,Female
Zhezqazghan,4953 Bowman Park,47.7963656,67.7020019,true,WBA1J9C55FV344042,Female
Tando Muhammad Khān,1 Hanson Drive,25.1418538,68.5543777,true,WVWAB7AJ2DW991574,Male
Myadzyel,3 Monterey Trail,54.8771794,26.9388432,false,3D7JB1EP3AG291865,Male
Jami,468 Forest Run Court,-6.4045182,106.8341509,false,3C6TD4KT0CG236705,Female
Buyunshan,60727 Fallview Alley,40.024639,122.711528,true,5NPEB4AC1CH402066,Female
Cimrutu,09 Stoughton Pass,-7.6275173,108.8016788,true,WAUCFAFR5FA933514,Female
Kalynivka,3744 Morrow Circle,49.448552,28.5226562,false,4USDU53597L183038,Male
Bindang,55 Warbler Court,4.5475154,97.1574784,false,SCBLC37F26C542999,Female
Saint-Grégoire,8 Golf Road,48.1504081,-1.6807958,true,JN8AF5MR1CT192593,Female
Trat,954 Mariners Cove Circle,11.9876781,102.3960722,true,JM1NC2EF8A0488234,Male
Jiqu,2 Sunbrook Way,23.875208,112.542428,false,SCBDC4BL4AC824738,Male
Poitiers,7199 Del Mar Junction,46.5838069,0.3350126,false,5N1AN0NW2FN616101,Male
Kungshamn,6 Pepper Wood Street,58.3594831,11.2594186,false,1GYFC16299R569089,Male
Eséka,0 Surrey Circle,3.6426789,10.7830826,true,1D7RW3BK4AS052538,Male
Borodino,448 Mcbride Alley,46.3039325,29.2402612,false,1FTMF1EW9AK629875,Male
Leticia,5332 Prentice Circle,-4.203165,-69.935907,false,WAUVT68E42A989415,Male
Lučina,08 Artisan Place,49.7133875,18.4511722,false,KNAGM4AD4B5176872,Male
Kalipucang,0254 Lerdahl Point,-7.6478966,108.7511864,true,WAUKH78EX7A127513,Female
Rantepang,76 Carioca Alley,-2.9252,119.9413,false,WAUNF98P76A586271,Male
Ghāt,12945 Dwight Trail,24.9640371,10.1759285,true,5TDBK3EH2CS805843,Male
Hualian,197 Brown Center,23.9910732,121.6111949,true,WBA3A9C59DF076158,Male
Young,45 Division Center,-32.7021934,-57.6382382,true,3VW517AT0FM363602,Female
Ojos de Agua,71 Shelley Terrace,14.6060279,-87.940833,false,1GT022CG8EF534088,Male
Chapayevka,47505 Doe Crossing Pass,49.554701,32.0981669,false,1D4PT5GK7AW280916,Male
Bhāndāria,4073 Dovetail Hill,22.4410669,90.0093266,true,1G6AB5SX5D0665605,Female
Madrid,29 Rutledge Park,4.733779,-74.2627569,true,JN1BV7AP6FM702228,Female
Charlotte,845 Tomscot Plaza,35.1274285,-80.8599193,false,WAUKF78E86A384433,Female
Miguel Calmon,1 Karstens Parkway,-11.3781106,-40.6039185,false,2HNYD283X7H000038,Female
Náousa,5 Marquette Hill,40.6294406,22.0688549,false,1FTEW1E86AF021505,Male
Methóni,398 Anniversary Lane,36.8199022,21.7063018,false,WAULC58E05A959091,Female
Newark,88 Melody Center,39.68,-75.75,false,1FADP5BU4DL067530,Male
Nantang,771 Hooker Street,22.058407,110.792856,false,WAUSVAFA8AN529536,Female
Wysoka,614 Alpine Junction,53.180879,17.0835566,true,WBAEP33473P598680,Male
Liulin,32 Butternut Drive,37.429832,110.88907,false,WBAWB7C50AP435725,Female
Matsushima,80 Heath Center,38.3691874,141.059301,false,WAUBC48H05K940440,Male
Abovyan,979 Gerald Pass,40.2715286,44.633383,true,WAULC68E72A522366,Female
Adamstown,103 Haas Park,-25.0662897,-130.1004636,false,19UUA66208A012733,Female
Montbéliard,969 Delaware Alley,45.417087,-0.302506,false,1G6DG5EG8A0415703,Female
Khatanga,5082 Bunker Hill Alley,71.9666987,102.5000418,true,1D7RE3GK0AS160229,Male
Shenwan,7 Trailsway Hill,22.302496,113.363816,false,KNAFU6A21B5839319,Female
Chumikan,3210 Riverside Pass,54.708952,135.322998,true,WAUEFBFL3DN720805,Male
Moriki,5 Shoshone Junction,12.8776754,6.4903141,false,JTDKN3DP8C3137452,Female
Dolní Bojanovice,465 Susan Alley,48.858575,17.0286982,false,WAUGN74F59N694611,Male
Takedamachi,43524 Mitchell Hill,34.8389466,134.7007309,false,WAULFAFHXEN229825,Male
Bacong,1 High Crossing Point,9.258006,123.281809,true,2G4GU5GC6B9575160,Male
Wręczyca Wielka,2 Park Meadow Junction,50.817118,18.880399,false,1D7RB1CP2AS324174,Male
Dos Quebradas,34 Fallview Crossing,4.8271607,-75.6499025,false,WAUMGAFL6BA141671,Female
San Isidro,0798 Pepper Wood Crossing,19.482042,-99.1985584,false,4T1BK1EBXFU176599,Male
Jinping,127 Esker Alley,23.365556,116.70345,false,3D4PH6FV2AT931278,Female
Tanamiting,88 Homewood Hill,-9.7018,120.4918,true,JTDJTUD38ED844827,Male
Seremban,96389 Loomis Alley,2.7239834,101.9476452,false,3VWKX7AJ7BM810078,Male
Longtou,3 Sherman Lane,21.356694,110.525677,true,19XFB4F36EE051904,Male
Yonghe,5 Golf Course Plaza,36.759507,110.632006,true,WBAUN9C53AV022557,Male
Duzhenwan,275 Forest Dale Way,30.406007,110.971573,false,WAUNF98P98A846365,Male
Shuangtang,54242 Village Green Avenue,29.4099289,120.1289162,false,JM3KE2BE6E0112315,Male
Mae Hi,38 Northwestern Way,19.2987683,98.5062007,false,SCBFU7ZA1DC769200,Female
Imotski,3 Merrick Plaza,43.4471085,17.2139989,false,JTDKDTB31C1660651,Female
Dahe,77280 Spenser Way,38.135288,114.397004,true,WAUKFBFL4BN968884,Female
Sandwīp,32 Grayhawk Road,22.4937132,91.5015009,false,1G6DJ5EV0A0903687,Female
Koronadal,9 Mitchell Crossing,6.3346249,124.9492975,true,WAUUL78E18A329553,Male
Sapat,45 Rieder Terrace,-0.3372032,103.3702811,false,WBADN63462G770618,Female
Dzhebariki-Khaya,862 Redwing Trail,62.216473,135.8549959,false,WAUPN94E98N970497,Female
Liqi,0123 Dryden Drive,24.385642,102.554313,false,2HNYD18254H144240,Female
Pavlovsk,7659 Melrose Way,50.5416699,40.0498042,true,1FTSW3B58AE587034,Female
Tiedonglu,32 South Plaza,39.179865,117.207298,false,JM1NC2PF8F0914282,Male
Angan,80 Surrey Park,5.6153822,95.4306141,false,SAJWA4DB5EL561618,Male
Tangba,7 Manufacturers Plaza,23.3794116,104.2268717,false,WBACN53441L466781,Female
Kibiti,16 Granby Trail,-7.7256069,38.9381031,true,5FNRL5H23EB603700,Female
Sabana Grande de Palenque,02 Village Hill,18.2604623,-70.1473203,false,WVGAV7AX2FW760541,Male
Obryte,2 Mesta Court,52.7066595,21.2481067,true,JM1NC2NF8E0078085,Female
Tsuruoka,73450 Mallory Street,35.4693091,134.7938651,true,WBAVB73597P373553,Male
Mzimba,82818 Lakewood Gardens Crossing,-11.8991825,33.5923941,false,WAUAC48H26K015610,Male
Panambi,14 Bluestem Center,-28.2588438,-53.5009992,true,1FTMF1CW1AF433828,Female
Cetinje,97738 Lerdahl Lane,42.3930959,18.9115964,true,WBA5B1C5XFG290855,Male
Longquan,80097 Amoth Center,28.074649,119.141473,true,WBAUP9C59CV269112,Male
Gununglajang,97 Beilfuss Court,-6.9465,113.8331,true,5LMJJ3H54CE223595,Male
Castedo,9 Spohn Pass,41.2270631,-7.4666688,false,3GYFNJE33DS010549,Male
Krajanjugosari,558 Center Drive,-8.2219,113.0597,false,WVGEP9BP2FD640403,Female
Pasir,164 Hayes Hill,0.4167052,109.0334318,false,WAUNF78P96A139252,Male
Benito Juarez,56560 Hudson Terrace,19.4102526,-99.0073673,true,WBASN2C56AC482483,Female
Guia,33533 Lawn Terrace,37.1264754,-8.2996637,false,WA1AY74LX7D829620,Male
Soito,13579 Lien Circle,40.4690667,-8.1110545,true,WAUEFBFL4CN480954,Male
Rodas,342 Dahle Circle,22.3407612,-80.5577336,true,KMHTC6AD3EU499249,Male
Purwodadi,6 Ohio Avenue,-7.0872117,110.9134113,false,3GYFNCE30CS436080,Male
Cerquilho,5 Village Green Place,-23.1744477,-47.7440315,false,1GKKRNED4FJ558772,Male
Thakhèk,5 Canary Way,17.4030206,104.8337879,false,55SWF4JB6FU616195,Male
Negotino,359 Bluejay Alley,41.494692,22.096939,true,JN1AZ4EH1EM395373,Female
Pocora,6045 Prairieview Hill,10.1621712,-83.6025205,false,5BZBF0AA6FN607627,Male
Raszczyce,356 Esker Park,50.1218351,18.3198228,true,1N6AF0LY4FN912563,Male
Dongpu,66 Old Gate Pass,23.113478,113.417068,true,5TFAW5F13EX109440,Male
Palatine,156 Bluejay Trail,42.1165506,-88.0549221,false,KMHCM3AC9AU177373,Male
Cisitu,6466 Southridge Terrace,-6.8390238,108.059866,false,2G61S5S37D9975094,Male
Kandhkot,6 Waxwing Street,28.1771009,68.7257945,false,3VW4A7AT6DM946071,Male
Kigoma,74713 Pearson Avenue,-4.8824092,29.6615055,true,3C6JD6EP6CG416580,Male
Nihaona,05 Columbus Circle,-6.2035969,106.8198946,false,WP1AE2A28DL433180,Female
São Sepé,53 Del Sol Pass,-30.1647807,-53.5608275,false,2T1BU4EEXCC473018,Male
Warri,710 Talmadge Park,5.5543995,5.7932008,true,KMHHT6KDXAU521780,Male
Jimsar,59703 Brown Junction,44.000497,89.180437,true,19UUA65644A276763,Female
Pepe,13900 Mccormick Street,-7.4039153,112.7718209,true,KNDKG3A23A7647250,Male
Fukuoka-shi,050 Nobel Lane,35.883899,139.5233661,true,WDDHF8JB1DA506314,Male
Dve Mogili,25 Brickson Park Crossing,43.5592985,25.9323591,false,WBA3R5C50FF498159,Female
Vyškov,7 Acker Trail,49.3197453,17.0367923,true,5GAEV23D59J868537,Male
Tuzha,1 Lukken Pass,57.6067536,47.9368725,true,JN8AE2KP4B9150708,Male
Sendangkemulian,26960 Lyons Lane,-8.0972,111.8163,false,3VW1K7AJ4BM351893,Female
Guilherand-Granges,422 Randy Alley,44.9326194,4.8713543,true,SCBFU7ZA3FC535773,Female
Wangcungang,80 Florence Plaza,21.430823,110.949819,true,JTEBU5JR0A5600895,Female
Changshou,77 Ohio Drive,29.857996,107.081282,false,WBAWV1C55AP045790,Male
Cercal,05303 Esch Street,39.2256483,-9.0073673,true,WAUAFAFH8CN309550,Male
Zaporizhzhya,458 Rieder Crossing,47.8388,35.139567,true,1NXBU4EE2AZ712296,Male
Wilga,57 Sage Hill,51.8407513,21.4105498,true,KMHTC6AD7FU117189,Male
Mabiton,8523 Lakewood Terrace,12.9029999,123.2470016,true,1FTSW2B57AE309445,Female
Ulluaya,5154 Weeping Birch Drive,42.3728288,47.3773853,true,3C4PDDAG4FT986134,Male
Koronadal,690 Onsgard Trail,6.4675486,124.8060125,true,1G6AL1R36F0474397,Female
Brejos,0 Debs Junction,38.6223709,-8.9867334,false,WBAUT9C51AA789367,Female
Macapsing,6955 Straubel Junction,15.6756662,121.1303669,true,WAUHMAFC6EN852746,Male
San Jose,47 Armistice Way,14.5699334,121.0204582,true,5TFAW5F1XFX461027,Male
Núi Đối,3 Mockingbird Way,20.7526658,106.6718702,true,WA1YD54BX2N606924,Female
Managua,80404 Kennedy Alley,12.1149926,-86.2361744,false,3C3CFFJHXDT320846,Female
Borås,301 Eggendart Place,57.7500731,12.9485476,true,1FMJK1J5XAE787275,Female
Xinshi,5 Division Place,23.199183,113.256439,true,WBAKG1C5XBE068293,Female
Arcueil,1965 Hoffman Center,46.7713478,3.8379578,false,WVWED7AJ5CW159401,Female
Xipu,8 Florence Street,26.885704,120.005147,false,3GYEK62N74G837397,Female
Pitomača,43560 Milwaukee Plaza,45.9501067,17.2326521,true,1GYFK43848R948013,Female
Bistrinci,2 Randy Circle,45.6878582,18.4041894,true,3GYFNDE36FS385095,Female
Lijiazui,05 Tennessee Terrace,31.239878,121.499673,false,1FTNF2A5XAE847961,Female
Zwolle,7 Reinke Junction,52.5112898,6.092908,false,WVWAB7AJ1CW172151,Male
Bakung Utara,3 Brentwood Pass,-3.1446171,104.5305715,false,3C4PDCGB6ET763839,Female
Birao,48 Barby Circle,10.2933091,22.7822485,false,5YMGZ0C50CL226724,Male
Karangnongko,528 Graedel Court,-7.6589782,110.5394227,false,SCBBP93W19C901434,Male
Saint-Cloud,195 Beilfuss Plaza,48.8590219,2.2228583,true,19UUA8F23EA382324,Female
Rangmanten,1198 Lotheville Court,-6.8903,113.0852,true,ZFBCFADH9EZ437714,Female
Chandler,313 Westend Trail,33.3107008,-111.8749872,true,JA32U2FU4FU562597,Female
Pachīr wa Āgām,45085 Pierstorff Alley,34.0740905,70.2884528,false,WAUBF78E98A225052,Male
Rasony,9031 Cherokee Parkway,55.9008577,28.8580531,true,JTHKD5BH3C2369567,Male
Longquan,000 Independence Way,28.074649,119.141473,true,WBA3B9C57EJ826720,Male
Gazanjyk,75415 Cordelia Point,39.2470722,55.5191857,false,3LNDL2L36CR897710,Female
Colonia Wanda,0593 Loomis Place,-25.6221943,-54.5655489,false,WVGAV3AX7EW123040,Male
Pondokunyur,2822 Eliot Junction,-7.3887,108.6759,true,1ZVBP8JZ9D5795958,Male
Krapyak Kidul,6895 Tennyson Parkway,-6.8762522,109.6795545,true,5GAKVCKD1DJ010372,Female
Lanxi,0569 Sloan Pass,29.208918,119.460526,true,SAJWA1CBXCL394993,Female
El Limón,2955 East Street,10.29041,-67.6274785,false,YV1852ARXA1232396,Male
